key,value
EX1_exomiser_top1_frac,0.35449836946096297
EX2_exomiser_top3_frac,0.46019566468444273
EX3_exomiser_top10_frac,0.5697295223479762
EX1_exomiser_top1_frac_opt,0.3769422597352772
EX2_exomiser_top3_frac_opt,0.4807212737387301
EX3_exomiser_top10_frac_opt,0.5896796470362555
EX1_exomiser_top1_frac_pess,0.3533474007289469
EX2_exomiser_top3_frac_pess,0.46019566468444273
EX3_exomiser_top10_frac_pess,0.5691540379819682
EX4_exomiser_top1_gt_o1_subst_top1,true
denominator_cases,5213
scored_cases,5212
exomiser_n_top1,1848
exomiser_n_top3,2399
exomiser_n_top10,2970
exomiser_n_top1_opt,1965
exomiser_n_top3_opt,2506
exomiser_n_top10_opt,3074
exomiser_n_top1_pess,1842
exomiser_n_top3_pess,2399
exomiser_n_top10_pess,2967
exomiser_mrr_at10,0.42031535934279074
exomiser_cases_no_result,1
exomiser_orpha_items_mapped,9561751
exomiser_orpha_items_unmapped,95037
exomiser_n_scored_pairs,79548
o1_subst_n_top1,1101
exomiser_cases_correct_in_tie,123
exomiser_max_tie_size,2290
