,predicted_labels
cell1,Plasma cells
cell2,Plasma cells
cell3,Plasma cells
cell4,Plasma cells
cell5,Plasma cells
cell6,Plasma cells
cell7,Plasma cells
cell8,Plasma cells
cell9,Plasma cells
cell10,Plasma cells
cell11,Plasma cells
cell12,Plasma cells
cell13,Plasma cells
cell14,Plasma cells
cell15,Plasma cells
cell16,Plasma cells
cell17,Plasma cells
cell18,Plasma cells
cell19,Plasma cells
cell20,Plasma cells
cell21,Plasma cells
cell22,Plasma cells
cell23,Plasma cells
cell24,Plasma cells
cell25,Plasma cells
cell26,Plasma cells
cell27,Plasma cells
cell28,Plasma cells
cell29,Plasma cells
cell30,Plasma cells
cell31,Plasma cells
cell32,Plasma cells
cell33,Plasma cells
cell34,Plasma cells
cell35,Plasma cells
cell36,Plasma cells
cell37,Plasma cells
cell38,Plasma cells
cell39,Plasma cells
cell40,Plasma cells
cell41,Plasma cells
cell42,Plasma cells
cell43,Plasma cells
cell44,Plasma cells
cell45,Plasma cells
cell46,Plasma cells
cell47,Plasma cells
cell48,Plasma cells
cell49,Plasma cells
cell50,Plasma cells
cell51,Plasma cells
cell52,Plasma cells
cell53,Plasma cells
cell54,Plasma cells
cell55,Plasma cells
cell56,Plasma cells
cell57,Plasma cells
cell58,Plasma cells
cell59,Plasma cells
cell60,Plasma cells
cell61,Plasma cells
cell62,Plasma cells
cell63,Plasma cells
cell64,Plasma cells
cell65,Plasma cells
cell66,Plasma cells
cell67,Plasma cells
cell68,Plasma cells
cell69,Plasma cells
cell70,Plasma cells
cell71,Plasma cells
cell72,Plasma cells
cell73,Plasma cells
cell74,Plasma cells
cell75,Plasma cells
cell76,Plasma cells
cell77,Plasma cells
cell78,Plasma cells
cell79,Plasma cells
cell80,Plasma cells
cell81,Plasma cells
cell82,Plasma cells
cell83,Plasma cells
cell84,Plasma cells
cell85,Plasma cells
cell86,Plasma cells
cell87,Plasma cells
cell88,Plasma cells
cell89,Plasma cells
cell90,Plasma cells
cell91,Plasma cells
cell92,Plasma cells
cell93,Plasma cells
cell94,Plasma cells
cell95,Plasma cells
cell96,Plasma cells
cell97,Plasma cells
cell98,Plasma cells
cell99,Plasma cells
cell100,Plasma cells
cell101,Plasma cells
cell102,Plasma cells
cell103,Plasma cells
cell104,Plasma cells
cell105,Plasma cells
cell106,Plasma cells
cell107,Mast cells
cell108,Plasma cells
cell109,Plasma cells
cell110,Plasma cells
cell111,Plasma cells
cell112,Plasma cells
cell113,Plasma cells
cell114,Plasma cells
cell115,Plasma cells
cell116,Plasma cells
cell117,Plasma cells
cell118,Plasma cells
cell119,Plasma cells
cell120,Plasmablasts
cell121,Plasma cells
cell122,Plasma cells
cell123,Plasma cells
cell124,Plasma cells
cell125,Plasma cells
cell126,Plasma cells
cell127,Plasma cells
cell128,Plasma cells
cell129,Plasma cells
cell130,Plasma cells
cell131,Plasma cells
cell132,Plasma cells
cell133,Plasma cells
cell134,Plasma cells
cell135,Plasma cells
cell136,Plasma cells
cell137,Plasma cells
cell138,Plasma cells
cell139,Plasma cells
cell140,Plasma cells
cell141,Plasma cells
cell142,Plasma cells
cell143,Plasma cells
cell144,Plasma cells
cell145,Plasma cells
cell146,Plasma cells
cell147,Plasma cells
cell148,Plasma cells
cell149,Plasma cells
cell150,Plasma cells
cell151,Plasma cells
cell152,Plasma cells
cell153,Plasma cells
cell154,Plasma cells
cell155,Plasma cells
cell156,Plasma cells
cell157,Plasma cells
cell158,Plasma cells
cell159,Plasma cells
cell160,Plasma cells
cell161,Plasma cells
cell162,Plasma cells
cell163,Plasma cells
cell164,Plasma cells
cell165,Plasma cells
cell166,Plasma cells
cell167,Plasma cells
cell168,Plasma cells
cell169,Plasma cells
cell170,Plasma cells
cell171,Plasma cells
cell172,Plasma cells
cell173,Plasma cells
cell174,Plasma cells
cell175,Plasma cells
cell176,Plasma cells
cell177,Plasma cells
cell178,Plasma cells
cell179,Plasma cells
cell180,Plasma cells
cell181,Plasma cells
cell182,Plasma cells
cell183,Plasma cells
cell184,Plasma cells
cell185,Plasma cells
cell186,Plasma cells
cell187,Plasma cells
cell188,Plasma cells
cell189,Plasma cells
cell190,Plasma cells
cell191,Plasma cells
cell192,Plasma cells
cell193,Plasma cells
cell194,Plasma cells
cell195,Plasma cells
cell196,Plasma cells
cell197,Plasma cells
cell198,Plasma cells
cell199,Plasma cells
cell200,Plasma cells
cell201,gamma-delta T cells
cell202,gamma-delta T cells
cell203,gamma-delta T cells
cell204,gamma-delta T cells
cell205,gamma-delta T cells
cell206,gamma-delta T cells
cell207,gamma-delta T cells
cell208,gamma-delta T cells
cell209,gamma-delta T cells
cell210,gamma-delta T cells
cell211,gamma-delta T cells
cell212,gamma-delta T cells
cell213,gamma-delta T cells
cell214,gamma-delta T cells
cell215,gamma-delta T cells
cell216,gamma-delta T cells
cell217,gamma-delta T cells
cell218,gamma-delta T cells
cell219,gamma-delta T cells
cell220,gamma-delta T cells
cell221,gamma-delta T cells
cell222,gamma-delta T cells
cell223,gamma-delta T cells
cell224,gamma-delta T cells
cell225,gamma-delta T cells
cell226,gamma-delta T cells
cell227,gamma-delta T cells
cell228,gamma-delta T cells
cell229,gamma-delta T cells
cell230,gamma-delta T cells
cell231,gamma-delta T cells
cell232,gamma-delta T cells
cell233,gamma-delta T cells
cell234,gamma-delta T cells
cell235,gamma-delta T cells
cell236,gamma-delta T cells
cell237,gamma-delta T cells
cell238,gamma-delta T cells
cell239,gamma-delta T cells
cell240,gamma-delta T cells
cell241,gamma-delta T cells
cell242,gamma-delta T cells
cell243,gamma-delta T cells
cell244,gamma-delta T cells
cell245,gamma-delta T cells
cell246,gamma-delta T cells
cell247,gamma-delta T cells
cell248,gamma-delta T cells
cell249,CD16- NK cells
cell250,gamma-delta T cells
cell251,gamma-delta T cells
cell252,gamma-delta T cells
cell253,gamma-delta T cells
cell254,gamma-delta T cells
cell255,gamma-delta T cells
cell256,gamma-delta T cells
cell257,gamma-delta T cells
cell258,gamma-delta T cells
cell259,gamma-delta T cells
cell260,gamma-delta T cells
cell261,gamma-delta T cells
cell262,gamma-delta T cells
cell263,gamma-delta T cells
cell264,gamma-delta T cells
cell265,gamma-delta T cells
cell266,gamma-delta T cells
cell267,gamma-delta T cells
cell268,gamma-delta T cells
cell269,gamma-delta T cells
cell270,gamma-delta T cells
cell271,gamma-delta T cells
cell272,gamma-delta T cells
cell273,gamma-delta T cells
cell274,gamma-delta T cells
cell275,gamma-delta T cells
cell276,gamma-delta T cells
cell277,CD16+ NK cells
cell278,gamma-delta T cells
cell279,gamma-delta T cells
cell280,gamma-delta T cells
cell281,gamma-delta T cells
cell282,gamma-delta T cells
cell283,gamma-delta T cells
cell284,gamma-delta T cells
cell285,gamma-delta T cells
cell286,gamma-delta T cells
cell287,gamma-delta T cells
cell288,gamma-delta T cells
cell289,gamma-delta T cells
cell290,gamma-delta T cells
cell291,gamma-delta T cells
cell292,gamma-delta T cells
cell293,gamma-delta T cells
cell294,gamma-delta T cells
cell295,gamma-delta T cells
cell296,gamma-delta T cells
cell297,gamma-delta T cells
cell298,gamma-delta T cells
cell299,gamma-delta T cells
cell300,gamma-delta T cells
cell301,gamma-delta T cells
cell302,gamma-delta T cells
cell303,gamma-delta T cells
cell304,gamma-delta T cells
cell305,gamma-delta T cells
cell306,gamma-delta T cells
cell307,gamma-delta T cells
cell308,gamma-delta T cells
cell309,gamma-delta T cells
cell310,gamma-delta T cells
cell311,gamma-delta T cells
cell312,gamma-delta T cells
cell313,gamma-delta T cells
cell314,gamma-delta T cells
cell315,gamma-delta T cells
cell316,gamma-delta T cells
cell317,gamma-delta T cells
cell318,gamma-delta T cells
cell319,gamma-delta T cells
cell320,gamma-delta T cells
cell321,gamma-delta T cells
cell322,gamma-delta T cells
cell323,gamma-delta T cells
cell324,gamma-delta T cells
cell325,gamma-delta T cells
cell326,gamma-delta T cells
cell327,gamma-delta T cells
cell328,gamma-delta T cells
cell329,gamma-delta T cells
cell330,gamma-delta T cells
cell331,gamma-delta T cells
cell332,gamma-delta T cells
cell333,gamma-delta T cells
cell334,gamma-delta T cells
cell335,gamma-delta T cells
cell336,gamma-delta T cells
cell337,gamma-delta T cells
cell338,gamma-delta T cells
cell339,gamma-delta T cells
cell340,gamma-delta T cells
cell341,gamma-delta T cells
cell342,gamma-delta T cells
cell343,gamma-delta T cells
cell344,gamma-delta T cells
cell345,gamma-delta T cells
cell346,gamma-delta T cells
cell347,gamma-delta T cells
cell348,gamma-delta T cells
cell349,gamma-delta T cells
cell350,gamma-delta T cells
cell351,gamma-delta T cells
cell352,gamma-delta T cells
cell353,gamma-delta T cells
cell354,Plasma cells
cell355,gamma-delta T cells
cell356,gamma-delta T cells
cell357,gamma-delta T cells
cell358,gamma-delta T cells
cell359,gamma-delta T cells
cell360,gamma-delta T cells
cell361,gamma-delta T cells
cell362,gamma-delta T cells
cell363,gamma-delta T cells
cell364,gamma-delta T cells
cell365,gamma-delta T cells
cell366,gamma-delta T cells
cell367,gamma-delta T cells
cell368,gamma-delta T cells
cell369,gamma-delta T cells
cell370,gamma-delta T cells
cell371,gamma-delta T cells
cell372,gamma-delta T cells
cell373,gamma-delta T cells
cell374,gamma-delta T cells
cell375,gamma-delta T cells
cell376,gamma-delta T cells
cell377,gamma-delta T cells
cell378,gamma-delta T cells
cell379,gamma-delta T cells
cell380,gamma-delta T cells
cell381,gamma-delta T cells
cell382,gamma-delta T cells
cell383,gamma-delta T cells
cell384,gamma-delta T cells
cell385,gamma-delta T cells
cell386,gamma-delta T cells
cell387,gamma-delta T cells
cell388,gamma-delta T cells
cell389,gamma-delta T cells
cell390,gamma-delta T cells
cell391,gamma-delta T cells
cell392,gamma-delta T cells
cell393,gamma-delta T cells
cell394,gamma-delta T cells
cell395,gamma-delta T cells
cell396,gamma-delta T cells
cell397,gamma-delta T cells
cell398,gamma-delta T cells
cell399,gamma-delta T cells
cell400,gamma-delta T cells
cell401,Follicular B cells
cell402,Follicular B cells
cell403,Follicular B cells
cell404,Follicular B cells
cell405,Follicular B cells
cell406,Follicular B cells
cell407,Follicular B cells
cell408,Follicular B cells
cell409,Follicular B cells
cell410,Follicular B cells
cell411,Follicular B cells
cell412,Follicular B cells
cell413,Follicular B cells
cell414,Follicular B cells
cell415,Follicular B cells
cell416,Follicular B cells
cell417,Follicular B cells
cell418,Follicular B cells
cell419,Follicular B cells
cell420,Follicular B cells
cell421,Follicular B cells
cell422,Follicular B cells
cell423,Follicular B cells
cell424,Follicular B cells
cell425,Follicular B cells
cell426,Follicular B cells
cell427,Follicular B cells
cell428,Follicular B cells
cell429,Follicular B cells
cell430,Follicular B cells
cell431,Follicular B cells
cell432,CD16- NK cells
cell433,Follicular B cells
cell434,Follicular B cells
cell435,Follicular B cells
cell436,Follicular B cells
cell437,Follicular B cells
cell438,Follicular B cells
cell439,Follicular B cells
cell440,Plasma cells
cell441,Follicular B cells
cell442,Follicular B cells
cell443,Follicular B cells
cell444,Follicular B cells
cell445,Follicular B cells
cell446,Follicular B cells
cell447,Follicular B cells
cell448,Follicular B cells
cell449,Follicular B cells
cell450,Follicular B cells
cell451,Follicular B cells
cell452,Follicular B cells
cell453,Follicular B cells
cell454,Follicular B cells
cell455,Follicular B cells
cell456,Follicular B cells
cell457,Follicular B cells
cell458,Follicular B cells
cell459,Follicular B cells
cell460,Follicular B cells
cell461,Follicular B cells
cell462,Follicular B cells
cell463,Follicular B cells
cell464,Follicular B cells
cell465,Follicular B cells
cell466,Follicular B cells
cell467,Follicular B cells
cell468,Follicular B cells
cell469,Follicular B cells
cell470,Follicular B cells
cell471,Follicular B cells
cell472,Follicular B cells
cell473,Follicular B cells
cell474,Follicular B cells
cell475,Follicular B cells
cell476,Follicular B cells
cell477,Follicular B cells
cell478,Follicular B cells
cell479,Follicular B cells
cell480,Follicular B cells
cell481,Follicular B cells
cell482,Follicular B cells
cell483,Follicular B cells
cell484,Follicular B cells
cell485,Follicular B cells
cell486,Follicular B cells
cell487,Follicular B cells
cell488,Follicular B cells
cell489,Follicular B cells
cell490,Follicular B cells
cell491,Follicular B cells
cell492,Follicular B cells
cell493,Follicular B cells
cell494,Follicular B cells
cell495,Follicular B cells
cell496,Follicular B cells
cell497,Follicular B cells
cell498,Follicular B cells
cell499,Follicular B cells
cell500,Follicular B cells
cell501,Follicular B cells
cell502,Follicular B cells
cell503,Plasma cells
cell504,Follicular B cells
cell505,Follicular B cells
cell506,Follicular B cells
cell507,Follicular B cells
cell508,Follicular B cells
cell509,Follicular B cells
cell510,Follicular B cells
cell511,Follicular B cells
cell512,Follicular B cells
cell513,Follicular B cells
cell514,Follicular B cells
cell515,Follicular B cells
cell516,Follicular B cells
cell517,Follicular B cells
cell518,Follicular B cells
cell519,Follicular B cells
cell520,Follicular B cells
cell521,Follicular B cells
cell522,Follicular B cells
cell523,Follicular B cells
cell524,Follicular B cells
cell525,Follicular B cells
cell526,Follicular B cells
cell527,Follicular B cells
cell528,Follicular B cells
cell529,Follicular B cells
cell530,Follicular B cells
cell531,Follicular B cells
cell532,Follicular B cells
cell533,Follicular B cells
cell534,Follicular B cells
cell535,Follicular B cells
cell536,Follicular B cells
cell537,Follicular B cells
cell538,Follicular B cells
cell539,Follicular B cells
cell540,Follicular B cells
cell541,Follicular B cells
cell542,Follicular B cells
cell543,Follicular B cells
cell544,Follicular B cells
cell545,Follicular B cells
cell546,Follicular B cells
cell547,Follicular B cells
cell548,Follicular B cells
cell549,Follicular B cells
cell550,Follicular B cells
cell551,Follicular B cells
cell552,Follicular B cells
cell553,Follicular B cells
cell554,Follicular B cells
cell555,Follicular B cells
cell556,Follicular B cells
cell557,Follicular B cells
cell558,Follicular B cells
cell559,Follicular B cells
cell560,Follicular B cells
cell561,Follicular B cells
cell562,Follicular B cells
cell563,Follicular B cells
cell564,Follicular B cells
cell565,Follicular B cells
cell566,Follicular B cells
cell567,Follicular B cells
cell568,Follicular B cells
cell569,Follicular B cells
cell570,Follicular B cells
cell571,Follicular B cells
cell572,Follicular B cells
cell573,Follicular B cells
cell574,Follicular B cells
cell575,Follicular B cells
cell576,Follicular B cells
cell577,Follicular B cells
cell578,Follicular B cells
cell579,Follicular B cells
cell580,Follicular B cells
cell581,Follicular B cells
cell582,Follicular B cells
cell583,Follicular B cells
cell584,Follicular B cells
cell585,Naive B cells
cell586,Follicular B cells
cell587,Follicular B cells
cell588,Follicular B cells
cell589,Follicular B cells
cell590,Follicular B cells
cell591,Follicular B cells
cell592,Follicular B cells
cell593,Follicular B cells
cell594,Follicular B cells
cell595,Follicular B cells
cell596,Follicular B cells
cell597,Follicular B cells
cell598,Follicular B cells
cell599,Follicular B cells
cell600,Follicular B cells
cell601,DC1
cell602,DC1
cell603,DC1
cell604,DC1
cell605,DC1
cell606,DC1
cell607,DC1
cell608,DC1
cell609,DC1
cell610,DC1
cell611,DC1
cell612,DC1
cell613,DC1
cell614,DC1
cell615,DC1
cell616,DC1
cell617,DC1
cell618,DC1
cell619,DC1
cell620,DC1
cell621,DC1
cell622,DC1
cell623,DC1
cell624,DC1
cell625,DC1
cell626,DC1
cell627,DC1
cell628,DC1
cell629,DC1
cell630,DC1
cell631,DC1
cell632,DC1
cell633,DC1
cell634,DC1
cell635,DC1
cell636,DC1
cell637,DC1
cell638,DC1
cell639,DC1
cell640,DC1
cell641,DC1
cell642,DC1
cell643,DC1
cell644,DC1
cell645,DC1
cell646,DC1
cell647,DC1
cell648,DC1
cell649,DC1
cell650,DC1
cell651,DC1
cell652,DC1
cell653,DC1
cell654,DC1
cell655,DC1
cell656,DC1
cell657,DC1
cell658,DC1
cell659,DC1
cell660,DC1
cell661,DC1
cell662,DC1
cell663,DC1
cell664,DC1
cell665,DC1
cell666,DC1
cell667,DC1
cell668,DC1
cell669,DC1
cell670,DC1
cell671,DC1
cell672,DC1
cell673,DC1
cell674,DC1
cell675,DC1
cell676,DC1
cell677,DC1
cell678,DC1
cell679,DC1
cell680,DC1
cell681,DC1
cell682,DC1
cell683,DC1
cell684,DC1
cell685,DC1
cell686,DC1
cell687,DC1
cell688,DC1
cell689,DC1
cell690,DC1
cell691,DC1
cell692,DC1
cell693,DC1
cell694,DC1
cell695,DC1
cell696,DC1
cell697,DC1
cell698,DC1
cell699,DC1
cell700,DC1
cell701,DC1
cell702,DC1
cell703,DC1
cell704,DC1
cell705,DC1
cell706,DC1
cell707,DC1
cell708,DC1
cell709,DC1
cell710,DC1
cell711,DC1
cell712,DC1
cell713,DC1
cell714,DC1
cell715,DC1
cell716,DC1
cell717,DC1
cell718,DC1
cell719,DC1
cell720,DC1
cell721,DC1
cell722,DC1
cell723,DC1
cell724,DC1
cell725,DC1
cell726,DC1
cell727,DC1
cell728,DC1
cell729,DC1
cell730,DC1
cell731,DC1
cell732,DC1
cell733,DC1
cell734,DC1
cell735,DC1
cell736,DC1
cell737,DC1
cell738,DC1
cell739,DC1
cell740,DC1
cell741,DC1
cell742,DC1
cell743,DC1
cell744,DC1
cell745,DC1
cell746,DC1
cell747,DC1
cell748,DC1
cell749,DC1
cell750,DC1
cell751,DC1
cell752,DC1
cell753,DC1
cell754,DC1
cell755,DC1
cell756,DC1
cell757,DC1
cell758,DC1
cell759,DC1
cell760,DC1
cell761,DC1
cell762,DC1
cell763,DC1
cell764,DC1
cell765,DC1
cell766,DC1
cell767,DC1
cell768,DC1
cell769,DC1
cell770,DC1
cell771,DC1
cell772,DC1
cell773,DC1
cell774,DC1
cell775,DC1
cell776,DC1
cell777,DC1
cell778,DC1
cell779,DC1
cell780,DC1
cell781,DC1
cell782,DC1
cell783,DC1
cell784,DC1
cell785,DC1
cell786,DC1
cell787,DC1
cell788,DC1
cell789,DC1
cell790,DC1
cell791,DC1
cell792,DC1
cell793,DC1
cell794,DC1
cell795,DC1
cell796,DC1
cell797,DC1
cell798,DC1
cell799,DC1
cell800,DC1
cell801,Kupffer cells
cell802,Kupffer cells
cell803,Kupffer cells
cell804,Kupffer cells
cell805,Kupffer cells
cell806,Kupffer cells
cell807,Kupffer cells
cell808,Kupffer cells
cell809,Kupffer cells
cell810,Kupffer cells
cell811,Kupffer cells
cell812,Kupffer cells
cell813,Kupffer cells
cell814,Kupffer cells
cell815,Kupffer cells
cell816,Kupffer cells
cell817,Kupffer cells
cell818,Kupffer cells
cell819,Kupffer cells
cell820,Kupffer cells
cell821,Kupffer cells
cell822,Kupffer cells
cell823,Kupffer cells
cell824,Kupffer cells
cell825,Kupffer cells
cell826,Kupffer cells
cell827,Kupffer cells
cell828,Kupffer cells
cell829,Kupffer cells
cell830,Kupffer cells
cell831,Kupffer cells
cell832,Kupffer cells
cell833,Kupffer cells
cell834,Kupffer cells
cell835,Kupffer cells
cell836,Kupffer cells
cell837,Kupffer cells
cell838,Kupffer cells
cell839,Kupffer cells
cell840,Kupffer cells
cell841,Kupffer cells
cell842,Kupffer cells
cell843,Kupffer cells
cell844,Kupffer cells
cell845,Kupffer cells
cell846,Kupffer cells
cell847,Kupffer cells
cell848,Kupffer cells
cell849,Kupffer cells
cell850,Kupffer cells
cell851,Kupffer cells
cell852,Kupffer cells
cell853,Kupffer cells
cell854,Kupffer cells
cell855,Kupffer cells
cell856,Kupffer cells
cell857,Kupffer cells
cell858,Kupffer cells
cell859,Kupffer cells
cell860,Kupffer cells
cell861,Kupffer cells
cell862,Kupffer cells
cell863,Kupffer cells
cell864,Kupffer cells
cell865,Kupffer cells
cell866,Kupffer cells
cell867,Kupffer cells
cell868,Kupffer cells
cell869,Kupffer cells
cell870,Kupffer cells
cell871,Kupffer cells
cell872,Kupffer cells
cell873,Kupffer cells
cell874,Kupffer cells
cell875,Kupffer cells
cell876,Kupffer cells
cell877,Kupffer cells
cell878,Kupffer cells
cell879,Kupffer cells
cell880,Kupffer cells
cell881,Kupffer cells
cell882,Kupffer cells
cell883,Kupffer cells
cell884,Kupffer cells
cell885,Kupffer cells
cell886,Kupffer cells
cell887,Kupffer cells
cell888,Kupffer cells
cell889,Kupffer cells
cell890,Kupffer cells
cell891,Kupffer cells
cell892,Kupffer cells
cell893,Kupffer cells
cell894,Kupffer cells
cell895,Kupffer cells
cell896,Kupffer cells
cell897,Kupffer cells
cell898,Kupffer cells
cell899,Kupffer cells
cell900,Kupffer cells
cell901,Kupffer cells
cell902,Kupffer cells
cell903,Kupffer cells
cell904,Kupffer cells
cell905,Kupffer cells
cell906,Kupffer cells
cell907,Kupffer cells
cell908,Kupffer cells
cell909,Kupffer cells
cell910,Kupffer cells
cell911,Kupffer cells
cell912,Kupffer cells
cell913,Kupffer cells
cell914,Kupffer cells
cell915,Kupffer cells
cell916,Kupffer cells
cell917,Kupffer cells
cell918,Kupffer cells
cell919,Kupffer cells
cell920,Kupffer cells
cell921,Kupffer cells
cell922,Kupffer cells
cell923,Kupffer cells
cell924,Kupffer cells
cell925,Kupffer cells
cell926,Kupffer cells
cell927,Kupffer cells
cell928,Kupffer cells
cell929,Kupffer cells
cell930,Kupffer cells
cell931,Kupffer cells
cell932,Kupffer cells
cell933,Kupffer cells
cell934,Kupffer cells
cell935,Mono-mac
cell936,Kupffer cells
cell937,Kupffer cells
cell938,Kupffer cells
cell939,Kupffer cells
cell940,Kupffer cells
cell941,Kupffer cells
cell942,Kupffer cells
cell943,Kupffer cells
cell944,Kupffer cells
cell945,Kupffer cells
cell946,Kupffer cells
cell947,Kupffer cells
cell948,Kupffer cells
cell949,Kupffer cells
cell950,Kupffer cells
cell951,Kupffer cells
cell952,Kupffer cells
cell953,Kupffer cells
cell954,Kupffer cells
cell955,Kupffer cells
cell956,Kupffer cells
cell957,Kupffer cells
cell958,Kupffer cells
cell959,Kupffer cells
cell960,Kupffer cells
cell961,Kupffer cells
cell962,Kupffer cells
cell963,Kupffer cells
cell964,Kupffer cells
cell965,Kupffer cells
cell966,Kupffer cells
cell967,Kupffer cells
cell968,Kupffer cells
cell969,Kupffer cells
cell970,Kupffer cells
cell971,Kupffer cells
cell972,Kupffer cells
cell973,Kupffer cells
cell974,Kupffer cells
cell975,Kupffer cells
cell976,Kupffer cells
cell977,Kupffer cells
cell978,Kupffer cells
cell979,Kupffer cells
cell980,Kupffer cells
cell981,Kupffer cells
cell982,Kupffer cells
cell983,Kupffer cells
cell984,Kupffer cells
cell985,Kupffer cells
cell986,Kupffer cells
cell987,Kupffer cells
cell988,Kupffer cells
cell989,Kupffer cells
cell990,Kupffer cells
cell991,Kupffer cells
cell992,Kupffer cells
cell993,Kupffer cells
cell994,Kupffer cells
cell995,Kupffer cells
cell996,Kupffer cells
cell997,Kupffer cells
cell998,Kupffer cells
cell999,Kupffer cells
cell1000,Kupffer cells
cell1001,Alveolar macrophages
cell1002,Alveolar macrophages
cell1003,Alveolar macrophages
cell1004,Alveolar macrophages
cell1005,Alveolar macrophages
cell1006,Alveolar macrophages
cell1007,Alveolar macrophages
cell1008,Alveolar macrophages
cell1009,Alveolar macrophages
cell1010,Alveolar macrophages
cell1011,Alveolar macrophages
cell1012,Alveolar macrophages
cell1013,Alveolar macrophages
cell1014,Alveolar macrophages
cell1015,Alveolar macrophages
cell1016,Alveolar macrophages
cell1017,Intermediate macrophages
cell1018,Alveolar macrophages
cell1019,Intermediate macrophages
cell1020,Alveolar macrophages
cell1021,Alveolar macrophages
cell1022,Alveolar macrophages
cell1023,Alveolar macrophages
cell1024,Alveolar macrophages
cell1025,Alveolar macrophages
cell1026,Alveolar macrophages
cell1027,Alveolar macrophages
cell1028,Alveolar macrophages
cell1029,Alveolar macrophages
cell1030,Alveolar macrophages
cell1031,Alveolar macrophages
cell1032,Alveolar macrophages
cell1033,Intermediate macrophages
cell1034,Alveolar macrophages
cell1035,Alveolar macrophages
cell1036,Alveolar macrophages
cell1037,Alveolar macrophages
cell1038,Macrophages
cell1039,Alveolar macrophages
cell1040,Alveolar macrophages
cell1041,Alveolar macrophages
cell1042,Alveolar macrophages
cell1043,Alveolar macrophages
cell1044,Alveolar macrophages
cell1045,Alveolar macrophages
cell1046,Intermediate macrophages
cell1047,Alveolar macrophages
cell1048,Alveolar macrophages
cell1049,Alveolar macrophages
cell1050,Alveolar macrophages
cell1051,Alveolar macrophages
cell1052,Alveolar macrophages
cell1053,Alveolar macrophages
cell1054,Alveolar macrophages
cell1055,Alveolar macrophages
cell1056,Alveolar macrophages
cell1057,Alveolar macrophages
cell1058,Alveolar macrophages
cell1059,Alveolar macrophages
cell1060,Alveolar macrophages
cell1061,Alveolar macrophages
cell1062,Alveolar macrophages
cell1063,Alveolar macrophages
cell1064,Alveolar macrophages
cell1065,Alveolar macrophages
cell1066,Alveolar macrophages
cell1067,Alveolar macrophages
cell1068,Alveolar macrophages
cell1069,Alveolar macrophages
cell1070,Alveolar macrophages
cell1071,Alveolar macrophages
cell1072,Alveolar macrophages
cell1073,Alveolar macrophages
cell1074,Alveolar macrophages
cell1075,Alveolar macrophages
cell1076,Alveolar macrophages
cell1077,Macrophages
cell1078,Alveolar macrophages
cell1079,Alveolar macrophages
cell1080,Intermediate macrophages
cell1081,Alveolar macrophages
cell1082,Alveolar macrophages
cell1083,Alveolar macrophages
cell1084,Alveolar macrophages
cell1085,Alveolar macrophages
cell1086,Alveolar macrophages
cell1087,Alveolar macrophages
cell1088,Alveolar macrophages
cell1089,Alveolar macrophages
cell1090,Alveolar macrophages
cell1091,Alveolar macrophages
cell1092,Alveolar macrophages
cell1093,Alveolar macrophages
cell1094,Alveolar macrophages
cell1095,Alveolar macrophages
cell1096,Alveolar macrophages
cell1097,Alveolar macrophages
cell1098,Alveolar macrophages
cell1099,Alveolar macrophages
cell1100,Alveolar macrophages
cell1101,Alveolar macrophages
cell1102,Alveolar macrophages
cell1103,Alveolar macrophages
cell1104,Alveolar macrophages
cell1105,Alveolar macrophages
cell1106,Alveolar macrophages
cell1107,Alveolar macrophages
cell1108,Alveolar macrophages
cell1109,Macrophages
cell1110,Alveolar macrophages
cell1111,Alveolar macrophages
cell1112,Alveolar macrophages
cell1113,Alveolar macrophages
cell1114,Alveolar macrophages
cell1115,Alveolar macrophages
cell1116,Alveolar macrophages
cell1117,Alveolar macrophages
cell1118,Alveolar macrophages
cell1119,Alveolar macrophages
cell1120,Alveolar macrophages
cell1121,Alveolar macrophages
cell1122,Alveolar macrophages
cell1123,Alveolar macrophages
cell1124,Alveolar macrophages
cell1125,Alveolar macrophages
cell1126,Alveolar macrophages
cell1127,Alveolar macrophages
cell1128,Alveolar macrophages
cell1129,Alveolar macrophages
cell1130,Alveolar macrophages
cell1131,Intermediate macrophages
cell1132,Alveolar macrophages
cell1133,Alveolar macrophages
cell1134,Alveolar macrophages
cell1135,Alveolar macrophages
cell1136,Intermediate macrophages
cell1137,Alveolar macrophages
cell1138,Alveolar macrophages
cell1139,Alveolar macrophages
cell1140,Alveolar macrophages
cell1141,Alveolar macrophages
cell1142,Alveolar macrophages
cell1143,Alveolar macrophages
cell1144,Intermediate macrophages
cell1145,Alveolar macrophages
cell1146,Alveolar macrophages
cell1147,Alveolar macrophages
cell1148,Alveolar macrophages
cell1149,Alveolar macrophages
cell1150,Alveolar macrophages
cell1151,Alveolar macrophages
cell1152,Alveolar macrophages
cell1153,Alveolar macrophages
cell1154,Alveolar macrophages
cell1155,Alveolar macrophages
cell1156,Alveolar macrophages
cell1157,Alveolar macrophages
cell1158,Alveolar macrophages
cell1159,Alveolar macrophages
cell1160,Alveolar macrophages
cell1161,Alveolar macrophages
cell1162,Alveolar macrophages
cell1163,Alveolar macrophages
cell1164,Alveolar macrophages
cell1165,Alveolar macrophages
cell1166,Intermediate macrophages
cell1167,Alveolar macrophages
cell1168,Intermediate macrophages
cell1169,Alveolar macrophages
cell1170,Alveolar macrophages
cell1171,Alveolar macrophages
cell1172,Alveolar macrophages
cell1173,Alveolar macrophages
cell1174,Alveolar macrophages
cell1175,Alveolar macrophages
cell1176,Alveolar macrophages
cell1177,Alveolar macrophages
cell1178,Alveolar macrophages
cell1179,Alveolar macrophages
cell1180,Alveolar macrophages
cell1181,Alveolar macrophages
cell1182,Alveolar macrophages
cell1183,Alveolar macrophages
cell1184,Alveolar macrophages
cell1185,Alveolar macrophages
cell1186,Alveolar macrophages
cell1187,Alveolar macrophages
cell1188,Alveolar macrophages
cell1189,Alveolar macrophages
cell1190,Alveolar macrophages
cell1191,Alveolar macrophages
cell1192,Alveolar macrophages
cell1193,Alveolar macrophages
cell1194,Alveolar macrophages
cell1195,Intermediate macrophages
cell1196,Alveolar macrophages
cell1197,Alveolar macrophages
cell1198,Intermediate macrophages
cell1199,Alveolar macrophages
cell1200,Intermediate macrophages
cell1201,pDC
cell1202,pDC
cell1203,pDC
cell1204,pDC
cell1205,pDC
cell1206,pDC
cell1207,pDC
cell1208,pDC
cell1209,DC2
cell1210,pDC
cell1211,pDC
cell1212,pDC
cell1213,pDC
cell1214,pDC
cell1215,pDC
cell1216,pDC
cell1217,ETP
cell1218,pDC
cell1219,pDC
cell1220,pDC
cell1221,pDC
cell1222,pDC
cell1223,pDC
cell1224,pDC
cell1225,pDC
cell1226,pDC
cell1227,pDC
cell1228,pDC
cell1229,pDC
cell1230,pDC
cell1231,pDC
cell1232,pDC
cell1233,pDC
cell1234,pDC
cell1235,pDC
cell1236,pDC
cell1237,pDC
cell1238,pDC
cell1239,pDC
cell1240,pDC
cell1241,pDC
cell1242,pDC
cell1243,pDC
cell1244,pDC
cell1245,pDC
cell1246,pDC
cell1247,pDC
cell1248,pDC
cell1249,pDC
cell1250,pDC
cell1251,pDC
cell1252,pDC
cell1253,pDC
cell1254,pDC
cell1255,pDC
cell1256,pDC
cell1257,pDC
cell1258,pDC
cell1259,pDC
cell1260,pDC
cell1261,pDC
cell1262,pDC
cell1263,pDC
cell1264,pDC
cell1265,pDC
cell1266,pDC
cell1267,pDC
cell1268,pDC
cell1269,pDC
cell1270,pDC
cell1271,pDC
cell1272,pDC
cell1273,pDC
cell1274,pDC
cell1275,pDC
cell1276,pDC
cell1277,pDC
cell1278,pDC
cell1279,pDC
cell1280,pDC
cell1281,pDC
cell1282,pDC
cell1283,pDC
cell1284,pDC
cell1285,pDC
cell1286,pDC
cell1287,pDC
cell1288,pDC
cell1289,pDC
cell1290,pDC
cell1291,pDC
cell1292,pDC
cell1293,pDC
cell1294,pDC
cell1295,pDC
cell1296,pDC
cell1297,pDC
cell1298,pDC
cell1299,pDC
cell1300,pDC
cell1301,pDC
cell1302,pDC
cell1303,pDC
cell1304,pDC
cell1305,pDC
cell1306,pDC
cell1307,pDC
cell1308,pDC
cell1309,pDC
cell1310,pDC
cell1311,pDC
cell1312,pDC
cell1313,pDC
cell1314,pDC
cell1315,pDC
cell1316,pDC
cell1317,pDC
cell1318,pDC
cell1319,pDC
cell1320,pDC
cell1321,pDC
cell1322,pDC
cell1323,pDC
cell1324,pDC
cell1325,pDC
cell1326,pDC
cell1327,pDC
cell1328,pDC
cell1329,pDC
cell1330,pDC
cell1331,pDC
cell1332,pDC
cell1333,pDC
cell1334,pDC
cell1335,pDC
cell1336,pDC
cell1337,pDC
cell1338,pDC
cell1339,pDC
cell1340,pDC
cell1341,pDC
cell1342,pDC
cell1343,pDC
cell1344,pDC
cell1345,pDC
cell1346,pDC
cell1347,pDC
cell1348,pDC
cell1349,pDC
cell1350,pDC
cell1351,pDC
cell1352,pDC
cell1353,pDC
cell1354,pDC
cell1355,pDC
cell1356,pDC
cell1357,pDC
cell1358,pDC
cell1359,pDC
cell1360,pDC
cell1361,pDC
cell1362,pDC
cell1363,pDC
cell1364,pDC
cell1365,pDC
cell1366,pDC
cell1367,pDC
cell1368,pDC
cell1369,pDC
cell1370,pDC
cell1371,pDC
cell1372,pDC
cell1373,pDC
cell1374,pDC
cell1375,pDC
cell1376,pDC
cell1377,pDC
cell1378,pDC
cell1379,pDC
cell1380,pDC
cell1381,pDC
cell1382,pDC
cell1383,pDC
cell1384,pDC
cell1385,pDC
cell1386,pDC
cell1387,pDC
cell1388,pDC
cell1389,pDC
cell1390,pDC
cell1391,pDC
cell1392,pDC
cell1393,pDC
cell1394,pDC
cell1395,pDC
cell1396,pDC
cell1397,pDC
cell1398,pDC
cell1399,pDC
cell1400,pDC
cell1401,Endothelial cells
cell1402,Endothelial cells
cell1403,Endothelial cells
cell1404,Endothelial cells
cell1405,Endothelial cells
cell1406,Endothelial cells
cell1407,Endothelial cells
cell1408,Endothelial cells
cell1409,Endothelial cells
cell1410,Endothelial cells
cell1411,Endothelial cells
cell1412,Endothelial cells
cell1413,Endothelial cells
cell1414,Endothelial cells
cell1415,Endothelial cells
cell1416,Endothelial cells
cell1417,Endothelial cells
cell1418,Endothelial cells
cell1419,Endothelial cells
cell1420,Endothelial cells
cell1421,Endothelial cells
cell1422,Endothelial cells
cell1423,Endothelial cells
cell1424,Endothelial cells
cell1425,Endothelial cells
cell1426,Endothelial cells
cell1427,Endothelial cells
cell1428,Endothelial cells
cell1429,Endothelial cells
cell1430,Endothelial cells
cell1431,Endothelial cells
cell1432,Endothelial cells
cell1433,Endothelial cells
cell1434,Endothelial cells
cell1435,Endothelial cells
cell1436,Endothelial cells
cell1437,Endothelial cells
cell1438,Endothelial cells
cell1439,Endothelial cells
cell1440,Endothelial cells
cell1441,Endothelial cells
cell1442,Endothelial cells
cell1443,Endothelial cells
cell1444,Endothelial cells
cell1445,Endothelial cells
cell1446,Endothelial cells
cell1447,Endothelial cells
cell1448,Endothelial cells
cell1449,Endothelial cells
cell1450,Endothelial cells
cell1451,Endothelial cells
cell1452,Endothelial cells
cell1453,Endothelial cells
cell1454,Endothelial cells
cell1455,Endothelial cells
cell1456,Endothelial cells
cell1457,Endothelial cells
cell1458,Endothelial cells
cell1459,Endothelial cells
cell1460,Endothelial cells
cell1461,Endothelial cells
cell1462,Endothelial cells
cell1463,Endothelial cells
cell1464,Endothelial cells
cell1465,Endothelial cells
cell1466,Endothelial cells
cell1467,Endothelial cells
cell1468,Endothelial cells
cell1469,Endothelial cells
cell1470,Endothelial cells
cell1471,Endothelial cells
cell1472,Endothelial cells
cell1473,Endothelial cells
cell1474,Endothelial cells
cell1475,Endothelial cells
cell1476,Endothelial cells
cell1477,Endothelial cells
cell1478,Endothelial cells
cell1479,Endothelial cells
cell1480,Endothelial cells
cell1481,Endothelial cells
cell1482,Endothelial cells
cell1483,Endothelial cells
cell1484,Endothelial cells
cell1485,Endothelial cells
cell1486,Endothelial cells
cell1487,Endothelial cells
cell1488,Endothelial cells
cell1489,Endothelial cells
cell1490,Endothelial cells
cell1491,Endothelial cells
cell1492,Endothelial cells
cell1493,Endothelial cells
cell1494,Endothelial cells
cell1495,Endothelial cells
cell1496,Endothelial cells
cell1497,Endothelial cells
cell1498,Endothelial cells
cell1499,Endothelial cells
cell1500,Endothelial cells
cell1501,Endothelial cells
cell1502,Endothelial cells
cell1503,Endothelial cells
cell1504,Endothelial cells
cell1505,Endothelial cells
cell1506,Endothelial cells
cell1507,Endothelial cells
cell1508,Endothelial cells
cell1509,Endothelial cells
cell1510,Endothelial cells
cell1511,Endothelial cells
cell1512,Endothelial cells
cell1513,Endothelial cells
cell1514,Endothelial cells
cell1515,Endothelial cells
cell1516,Endothelial cells
cell1517,Endothelial cells
cell1518,Endothelial cells
cell1519,Endothelial cells
cell1520,Endothelial cells
cell1521,Endothelial cells
cell1522,Endothelial cells
cell1523,Endothelial cells
cell1524,Endothelial cells
cell1525,Endothelial cells
cell1526,Endothelial cells
cell1527,Endothelial cells
cell1528,Endothelial cells
cell1529,Endothelial cells
cell1530,Endothelial cells
cell1531,Endothelial cells
cell1532,Endothelial cells
cell1533,Endothelial cells
cell1534,Endothelial cells
cell1535,Endothelial cells
cell1536,Endothelial cells
cell1537,Endothelial cells
cell1538,Endothelial cells
cell1539,Endothelial cells
cell1540,Endothelial cells
cell1541,Endothelial cells
cell1542,Endothelial cells
cell1543,Endothelial cells
cell1544,Endothelial cells
cell1545,Endothelial cells
cell1546,Late erythroid
cell1547,Endothelial cells
cell1548,Endothelial cells
cell1549,Endothelial cells
cell1550,Endothelial cells
cell1551,Endothelial cells
cell1552,Endothelial cells
cell1553,Endothelial cells
cell1554,Endothelial cells
cell1555,Endothelial cells
cell1556,Endothelial cells
cell1557,Late erythroid
cell1558,Endothelial cells
cell1559,Endothelial cells
cell1560,Endothelial cells
cell1561,Endothelial cells
cell1562,Endothelial cells
cell1563,Endothelial cells
cell1564,Endothelial cells
cell1565,Endothelial cells
cell1566,Endothelial cells
cell1567,Endothelial cells
cell1568,Endothelial cells
cell1569,Endothelial cells
cell1570,Endothelial cells
cell1571,Endothelial cells
cell1572,Endothelial cells
cell1573,Endothelial cells
cell1574,Endothelial cells
cell1575,Endothelial cells
cell1576,Endothelial cells
cell1577,Endothelial cells
cell1578,Endothelial cells
cell1579,Endothelial cells
cell1580,Endothelial cells
cell1581,Endothelial cells
cell1582,Endothelial cells
cell1583,Endothelial cells
cell1584,Endothelial cells
cell1585,Endothelial cells
cell1586,Endothelial cells
cell1587,Endothelial cells
cell1588,Endothelial cells
cell1589,Late erythroid
cell1590,Endothelial cells
cell1591,Endothelial cells
cell1592,Endothelial cells
cell1593,Endothelial cells
cell1594,Endothelial cells
cell1595,Endothelial cells
cell1596,Endothelial cells
cell1597,Endothelial cells
cell1598,Endothelial cells
cell1599,Endothelial cells
cell1600,Endothelial cells
cell1601,Mast cells
cell1602,Mast cells
cell1603,Mast cells
cell1604,Mast cells
cell1605,Mast cells
cell1606,Mast cells
cell1607,Mast cells
cell1608,Mast cells
cell1609,Mast cells
cell1610,Mast cells
cell1611,Mast cells
cell1612,Mast cells
cell1613,Mast cells
cell1614,Mast cells
cell1615,Mast cells
cell1616,Mast cells
cell1617,Mast cells
cell1618,Mast cells
cell1619,Mast cells
cell1620,Mast cells
cell1621,Mast cells
cell1622,Mast cells
cell1623,Mast cells
cell1624,Mast cells
cell1625,Mast cells
cell1626,Mast cells
cell1627,Mast cells
cell1628,Mast cells
cell1629,Mast cells
cell1630,Mast cells
cell1631,Mast cells
cell1632,Mast cells
cell1633,Mast cells
cell1634,Mast cells
cell1635,Mast cells
cell1636,Mast cells
cell1637,Mast cells
cell1638,Mast cells
cell1639,Mast cells
cell1640,Mast cells
cell1641,Mast cells
cell1642,Mast cells
cell1643,Mast cells
cell1644,Mast cells
cell1645,Mast cells
cell1646,Mast cells
cell1647,Mast cells
cell1648,Mast cells
cell1649,Mast cells
cell1650,Mast cells
cell1651,Mast cells
cell1652,Mast cells
cell1653,Mast cells
cell1654,Mast cells
cell1655,Mast cells
cell1656,Mast cells
cell1657,Mast cells
cell1658,Mast cells
cell1659,Mast cells
cell1660,Mast cells
cell1661,Mast cells
cell1662,Mast cells
cell1663,Mast cells
cell1664,Mast cells
cell1665,Mast cells
cell1666,Mast cells
cell1667,Mast cells
cell1668,Mast cells
cell1669,Mast cells
cell1670,Mast cells
cell1671,Mast cells
cell1672,Mast cells
cell1673,Mast cells
cell1674,Mast cells
cell1675,Mast cells
cell1676,Mast cells
cell1677,Mast cells
cell1678,Mast cells
cell1679,Mast cells
cell1680,Mast cells
cell1681,Mast cells
cell1682,Mast cells
cell1683,Mast cells
cell1684,Mast cells
cell1685,Mast cells
cell1686,Mast cells
cell1687,Mast cells
cell1688,Mast cells
cell1689,Mast cells
cell1690,Mast cells
cell1691,Mast cells
cell1692,Mast cells
cell1693,Mast cells
cell1694,Mast cells
cell1695,Mast cells
cell1696,Mast cells
cell1697,Mast cells
cell1698,Mast cells
cell1699,Mast cells
cell1700,Mast cells
cell1701,Mast cells
cell1702,Mast cells
cell1703,Mast cells
cell1704,Mast cells
cell1705,Mast cells
cell1706,Mast cells
cell1707,Mast cells
cell1708,Mast cells
cell1709,Mast cells
cell1710,Mast cells
cell1711,Mast cells
cell1712,Mast cells
cell1713,Mast cells
cell1714,Mast cells
cell1715,Mast cells
cell1716,Mast cells
cell1717,Mast cells
cell1718,Mast cells
cell1719,Mast cells
cell1720,Mast cells
cell1721,Mast cells
cell1722,Mast cells
cell1723,Mast cells
cell1724,Mast cells
cell1725,Mast cells
cell1726,Mast cells
cell1727,Mast cells
cell1728,Mast cells
cell1729,Mast cells
cell1730,Mast cells
cell1731,Mast cells
cell1732,Mast cells
cell1733,Mast cells
cell1734,Mast cells
cell1735,Mast cells
cell1736,Mast cells
cell1737,Mast cells
cell1738,Mast cells
cell1739,Mast cells
cell1740,Mast cells
cell1741,Mast cells
cell1742,Mast cells
cell1743,Mast cells
cell1744,Mast cells
cell1745,Mast cells
cell1746,Mast cells
cell1747,Mast cells
cell1748,Mast cells
cell1749,Mast cells
cell1750,Mast cells
cell1751,Mast cells
cell1752,Mast cells
cell1753,Mast cells
cell1754,Mast cells
cell1755,Mast cells
cell1756,Mast cells
cell1757,Mast cells
cell1758,Mast cells
cell1759,Mast cells
cell1760,Mast cells
cell1761,Mast cells
cell1762,Mast cells
cell1763,Mast cells
cell1764,Mast cells
cell1765,Mast cells
cell1766,Plasma cells
cell1767,Mast cells
cell1768,Mast cells
cell1769,Mast cells
cell1770,Mast cells
cell1771,Mast cells
cell1772,Mast cells
cell1773,Mast cells
cell1774,Mast cells
cell1775,Mast cells
cell1776,Mast cells
cell1777,Mast cells
cell1778,Mast cells
cell1779,Mast cells
cell1780,Mast cells
cell1781,Mast cells
cell1782,Mast cells
cell1783,Mast cells
cell1784,Mast cells
cell1785,Mast cells
cell1786,Mast cells
cell1787,Mast cells
cell1788,Mast cells
cell1789,Mast cells
cell1790,Mast cells
cell1791,Mast cells
cell1792,Mast cells
cell1793,Mast cells
cell1794,Mast cells
cell1795,Mast cells
cell1796,Mast cells
cell1797,Mast cells
cell1798,Mast cells
cell1799,Mast cells
cell1800,Mast cells
cell1801,Neutrophil-myeloid progenitor
cell1802,Neutrophil-myeloid progenitor
cell1803,Double-negative thymocytes
cell1804,Neutrophil-myeloid progenitor
cell1805,Neutrophil-myeloid progenitor
cell1806,Neutrophil-myeloid progenitor
cell1807,Neutrophil-myeloid progenitor
cell1808,Neutrophil-myeloid progenitor
cell1809,Neutrophil-myeloid progenitor
cell1810,Neutrophil-myeloid progenitor
cell1811,Neutrophil-myeloid progenitor
cell1812,Neutrophil-myeloid progenitor
cell1813,Neutrophil-myeloid progenitor
cell1814,Double-positive thymocytes
cell1815,Neutrophil-myeloid progenitor
cell1816,Neutrophil-myeloid progenitor
cell1817,Neutrophil-myeloid progenitor
cell1818,Neutrophil-myeloid progenitor
cell1819,Neutrophil-myeloid progenitor
cell1820,Neutrophil-myeloid progenitor
cell1821,Monocyte precursor
cell1822,Neutrophil-myeloid progenitor
cell1823,Neutrophil-myeloid progenitor
cell1824,Neutrophil-myeloid progenitor
cell1825,Neutrophil-myeloid progenitor
cell1826,Neutrophil-myeloid progenitor
cell1827,Neutrophil-myeloid progenitor
cell1828,Neutrophil-myeloid progenitor
cell1829,HSC/MPP
cell1830,Neutrophil-myeloid progenitor
cell1831,Neutrophil-myeloid progenitor
cell1832,Neutrophil-myeloid progenitor
cell1833,Neutrophil-myeloid progenitor
cell1834,Neutrophil-myeloid progenitor
cell1835,Neutrophil-myeloid progenitor
cell1836,Neutrophil-myeloid progenitor
cell1837,Neutrophil-myeloid progenitor
cell1838,Neutrophil-myeloid progenitor
cell1839,Neutrophil-myeloid progenitor
cell1840,Neutrophil-myeloid progenitor
cell1841,Neutrophil-myeloid progenitor
cell1842,Neutrophil-myeloid progenitor
cell1843,Neutrophil-myeloid progenitor
cell1844,Neutrophil-myeloid progenitor
cell1845,Neutrophil-myeloid progenitor
cell1846,Neutrophil-myeloid progenitor
cell1847,Neutrophil-myeloid progenitor
cell1848,Neutrophil-myeloid progenitor
cell1849,Neutrophil-myeloid progenitor
cell1850,Neutrophil-myeloid progenitor
cell1851,Neutrophil-myeloid progenitor
cell1852,Neutrophil-myeloid progenitor
cell1853,Neutrophil-myeloid progenitor
cell1854,Neutrophil-myeloid progenitor
cell1855,Neutrophil-myeloid progenitor
cell1856,Neutrophil-myeloid progenitor
cell1857,Neutrophil-myeloid progenitor
cell1858,HSC/MPP
cell1859,Neutrophil-myeloid progenitor
cell1860,Neutrophil-myeloid progenitor
cell1861,Neutrophil-myeloid progenitor
cell1862,Neutrophil-myeloid progenitor
cell1863,Neutrophil-myeloid progenitor
cell1864,Neutrophil-myeloid progenitor
cell1865,HSC/MPP
cell1866,Neutrophil-myeloid progenitor
cell1867,Neutrophil-myeloid progenitor
cell1868,Neutrophil-myeloid progenitor
cell1869,Neutrophil-myeloid progenitor
cell1870,Neutrophil-myeloid progenitor
cell1871,Neutrophil-myeloid progenitor
cell1872,Neutrophil-myeloid progenitor
cell1873,Classical monocytes
cell1874,Neutrophil-myeloid progenitor
cell1875,Neutrophil-myeloid progenitor
cell1876,Neutrophil-myeloid progenitor
cell1877,Neutrophil-myeloid progenitor
cell1878,Neutrophil-myeloid progenitor
cell1879,Neutrophil-myeloid progenitor
cell1880,Neutrophil-myeloid progenitor
cell1881,HSC/MPP
cell1882,Early erythroid
cell1883,Neutrophil-myeloid progenitor
cell1884,Neutrophil-myeloid progenitor
cell1885,Neutrophil-myeloid progenitor
cell1886,Neutrophil-myeloid progenitor
cell1887,Neutrophil-myeloid progenitor
cell1888,Neutrophil-myeloid progenitor
cell1889,Double-negative thymocytes
cell1890,Neutrophil-myeloid progenitor
cell1891,Neutrophil-myeloid progenitor
cell1892,Neutrophil-myeloid progenitor
cell1893,Neutrophil-myeloid progenitor
cell1894,Neutrophil-myeloid progenitor
cell1895,Neutrophil-myeloid progenitor
cell1896,Neutrophil-myeloid progenitor
cell1897,Neutrophil-myeloid progenitor
cell1898,Neutrophil-myeloid progenitor
cell1899,Neutrophil-myeloid progenitor
cell1900,Neutrophil-myeloid progenitor
cell1901,Neutrophil-myeloid progenitor
cell1902,Neutrophil-myeloid progenitor
cell1903,HSC/MPP
cell1904,Neutrophil-myeloid progenitor
cell1905,Neutrophil-myeloid progenitor
cell1906,Neutrophil-myeloid progenitor
cell1907,Neutrophil-myeloid progenitor
cell1908,Neutrophil-myeloid progenitor
cell1909,Neutrophil-myeloid progenitor
cell1910,Neutrophil-myeloid progenitor
cell1911,Neutrophil-myeloid progenitor
cell1912,Neutrophil-myeloid progenitor
cell1913,Neutrophil-myeloid progenitor
cell1914,Neutrophil-myeloid progenitor
cell1915,Double-negative thymocytes
cell1916,Neutrophil-myeloid progenitor
cell1917,Neutrophil-myeloid progenitor
cell1918,Neutrophil-myeloid progenitor
cell1919,Neutrophil-myeloid progenitor
cell1920,Neutrophil-myeloid progenitor
cell1921,Neutrophil-myeloid progenitor
cell1922,Neutrophil-myeloid progenitor
cell1923,Double-negative thymocytes
cell1924,Neutrophil-myeloid progenitor
cell1925,Neutrophil-myeloid progenitor
cell1926,Neutrophil-myeloid progenitor
cell1927,Neutrophil-myeloid progenitor
cell1928,Neutrophil-myeloid progenitor
cell1929,Neutrophil-myeloid progenitor
cell1930,Monocyte precursor
cell1931,Neutrophil-myeloid progenitor
cell1932,Neutrophil-myeloid progenitor
cell1933,Neutrophil-myeloid progenitor
cell1934,Neutrophil-myeloid progenitor
cell1935,Neutrophil-myeloid progenitor
cell1936,Neutrophil-myeloid progenitor
cell1937,Neutrophil-myeloid progenitor
cell1938,Neutrophil-myeloid progenitor
cell1939,Neutrophil-myeloid progenitor
cell1940,Neutrophil-myeloid progenitor
cell1941,Neutrophil-myeloid progenitor
cell1942,Neutrophil-myeloid progenitor
cell1943,Neutrophil-myeloid progenitor
cell1944,Neutrophil-myeloid progenitor
cell1945,DC2
cell1946,Neutrophil-myeloid progenitor
cell1947,Neutrophil-myeloid progenitor
cell1948,HSC/MPP
cell1949,Neutrophil-myeloid progenitor
cell1950,Neutrophil-myeloid progenitor
cell1951,Neutrophil-myeloid progenitor
cell1952,Neutrophil-myeloid progenitor
cell1953,Neutrophil-myeloid progenitor
cell1954,Neutrophil-myeloid progenitor
cell1955,Neutrophil-myeloid progenitor
cell1956,Neutrophil-myeloid progenitor
cell1957,Neutrophil-myeloid progenitor
cell1958,Neutrophil-myeloid progenitor
cell1959,Neutrophil-myeloid progenitor
cell1960,Neutrophil-myeloid progenitor
cell1961,Neutrophil-myeloid progenitor
cell1962,Neutrophil-myeloid progenitor
cell1963,Neutrophil-myeloid progenitor
cell1964,Neutrophil-myeloid progenitor
cell1965,Neutrophil-myeloid progenitor
cell1966,Neutrophil-myeloid progenitor
cell1967,Neutrophil-myeloid progenitor
cell1968,Neutrophil-myeloid progenitor
cell1969,Neutrophil-myeloid progenitor
cell1970,Neutrophil-myeloid progenitor
cell1971,Neutrophil-myeloid progenitor
cell1972,Neutrophil-myeloid progenitor
cell1973,Neutrophil-myeloid progenitor
cell1974,Neutrophil-myeloid progenitor
cell1975,Neutrophil-myeloid progenitor
cell1976,Neutrophil-myeloid progenitor
cell1977,Neutrophil-myeloid progenitor
cell1978,Neutrophil-myeloid progenitor
cell1979,Neutrophil-myeloid progenitor
cell1980,Neutrophil-myeloid progenitor
cell1981,Neutrophil-myeloid progenitor
cell1982,Neutrophil-myeloid progenitor
cell1983,Neutrophil-myeloid progenitor
cell1984,Neutrophil-myeloid progenitor
cell1985,Neutrophil-myeloid progenitor
cell1986,Neutrophil-myeloid progenitor
cell1987,Neutrophil-myeloid progenitor
cell1988,Classical monocytes
cell1989,Neutrophil-myeloid progenitor
cell1990,Neutrophil-myeloid progenitor
cell1991,Neutrophil-myeloid progenitor
cell1992,Neutrophil-myeloid progenitor
cell1993,Neutrophil-myeloid progenitor
cell1994,Neutrophil-myeloid progenitor
cell1995,Neutrophil-myeloid progenitor
cell1996,HSC/MPP
cell1997,Neutrophil-myeloid progenitor
cell1998,Neutrophil-myeloid progenitor
cell1999,Neutrophil-myeloid progenitor
cell2000,Neutrophil-myeloid progenitor
